{
  "project_info": {
    "project_number": "604716408134",
    "firebase_url": "https://w3p4-42b62.firebaseio.com",
    "project_id": "w3p4-42b62",
    "storage_bucket": "w3p4-42b62.appspot.com"
  },
  "client": [
    {
      "client_info": {
        "mobilesdk_app_id": "1:604716408134:android:0dbe05c0cc98144a",
        "android_client_info": {
          "package_name": "com.example.jt1300.flashcards"
        }
      },
      "oauth_client": [
        {
          "client_id": "604716408134-iq67v6eijhsbvsi5sbn0kne8v2dk5836.apps.googleusercontent.com",
          "client_type": 1,
          "android_info": {
            "package_name": "com.example.jt1300.flashcards",
            "certificate_hash": "abc37e2c6aa52a8470b80b3319ba47c1b1aabcd2"
          }
        },
        {
          "client_id": "604716408134-23bdke0rrabumdbuq6pc9gqclg16fsv1.apps.googleusercontent.com",
          "client_type": 3
        }
      ],
      "api_key": [
        {
          "current_key": "AIzaSyBcJ2hDkATGM6mP7_6R2GFjvdn5ehAyd3k"
        }
      ],
      "services": {
        "analytics_service": {
          "status": 1
        },
        "appinvite_service": {
          "status": 2,
          "other_platform_oauth_client": [
            {
              "client_id": "604716408134-23bdke0rrabumdbuq6pc9gqclg16fsv1.apps.googleusercontent.com",
              "client_type": 3
            }
          ]
        },
        "ads_service": {
          "status": 2
        }
      }
    }
  ],
  "configuration_version": "1"
}